,id,iso2Code,name,region,adminregion,incomeLevel,lendingType,capitalCity,longitude,latitude
0,ABW,AW,Aruba,Latin America & Caribbean ,,High income,Not classified,Oranjestad,-70.0167,12.5167
1,AFG,AF,Afghanistan,South Asia,South Asia,Low income,IDA,Kabul,69.1761,34.5228
2,AFR,A9,Africa,Aggregates,,Aggregates,Aggregates,,nan,nan
3,AGO,AO,Angola,Sub-Saharan Africa ,Sub-Saharan Africa (excluding high income),Lower middle income,IBRD,Luanda,13.242,-8.81155
4,ALB,AL,Albania,Europe & Central Asia,Europe & Central Asia (excluding high income),Upper middle income,IBRD,Tirane,19.8172,41.3317
5,AND,AD,Andorra,Europe & Central Asia,,High income,Not classified,Andorra la Vella,1.5218,42.5075
6,ANR,L5,Andean Region,Aggregates,,Aggregates,Aggregates,,nan,nan
7,ARB,1A,Arab World,Aggregates,,Aggregates,Aggregates,,nan,nan
8,ARE,AE,United Arab Emirates,Middle East & North Africa,,High income,Not classified,Abu Dhabi,54.3705,24.4764
9,ARG,AR,Argentina,Latin America & Caribbean ,Latin America & Caribbean (excluding high income),Upper middle income,IBRD,Buenos Aires,-58.4173,-34.6118
10,ARM,AM,Armenia,Europe & Central Asia,Europe & Central Asia (excluding high income),Upper middle income,IBRD,Yerevan,44.50899999999999,40.1596
11,ASM,AS,American Samoa,East Asia & Pacific,East Asia & Pacific (excluding high income),Upper middle income,Not classified,Pago Pago,-170.69099999999997,-14.2846
12,ATG,AG,Antigua and Barbuda,Latin America & Caribbean ,,High income,IBRD,Saint John's,-61.8456,17.1175
13,AUS,AU,Australia,East Asia & Pacific,,High income,Not classified,Canberra,149.129,-35.282
14,AUT,AT,Austria,Europe & Central Asia,,High income,Not classified,Vienna,16.3798,48.2201
15,AZE,AZ,Azerbaijan,Europe & Central Asia,Europe & Central Asia (excluding high income),Upper middle income,IBRD,Baku,49.8932,40.3834
16,BDI,BI,Burundi,Sub-Saharan Africa ,Sub-Saharan Africa (excluding high income),Low income,IDA,Bujumbura,29.3639,-3.3784
17,BEA,B4,East Asia & Pacific (IBRD-only countries),Aggregates,,Aggregates,Aggregates,,nan,nan
18,BEC,B7,Europe & Central Asia (IBRD-only countries),Aggregates,,Aggregates,Aggregates,,nan,nan
19,BEL,BE,Belgium,Europe & Central Asia,,High income,Not classified,Brussels,4.36761,50.8371
20,BEN,BJ,Benin,Sub-Saharan Africa ,Sub-Saharan Africa (excluding high income),Lower middle income,IDA,Porto-Novo,2.6323,6.4779
21,BFA,BF,Burkina Faso,Sub-Saharan Africa ,Sub-Saharan Africa (excluding high income),Low income,IDA,Ouagadougou,-1.53395,12.3605
22,BGD,BD,Bangladesh,South Asia,South Asia,Lower middle income,IDA,Dhaka,90.4113,23.7055
23,BGR,BG,Bulgaria,Europe & Central Asia,Europe & Central Asia (excluding high income),Upper middle income,IBRD,Sofia,23.3238,42.7105
24,BHI,B1,IBRD countries classified as high income,Aggregates,,Aggregates,Aggregates,,nan,nan
25,BHR,BH,Bahrain,Middle East & North Africa,,High income,Not classified,Manama,50.5354,26.1921
26,BHS,BS,"Bahamas, The",Latin America & Caribbean ,,High income,Not classified,Nassau,-77.339,25.0661
27,BIH,BA,Bosnia and Herzegovina,Europe & Central Asia,Europe & Central Asia (excluding high income),Upper middle income,IBRD,Sarajevo,18.4214,43.8607
28,BLA,B2,Latin America & the Caribbean (IBRD-only countries),Aggregates,,Aggregates,Aggregates,,nan,nan
29,BLR,BY,Belarus,Europe & Central Asia,Europe & Central Asia (excluding high income),Upper middle income,IBRD,Minsk,27.5766,53.9678
30,BLZ,BZ,Belize,Latin America & Caribbean ,Latin America & Caribbean (excluding high income),Upper middle income,IBRD,Belmopan,-88.7713,17.2534
31,BMN,B3,Middle East & North Africa (IBRD-only countries),Aggregates,,Aggregates,Aggregates,,nan,nan
32,BMU,BM,Bermuda,North America,,High income,Not classified,Hamilton,-64.706,32.3293
33,BOL,BO,Bolivia,Latin America & Caribbean ,Latin America & Caribbean (excluding high income),Lower middle income,IBRD,La Paz,-66.1936,-13.9908
34,BRA,BR,Brazil,Latin America & Caribbean ,Latin America & Caribbean (excluding high income),Upper middle income,IBRD,Brasilia,-47.9292,-15.7801
35,BRB,BB,Barbados,Latin America & Caribbean ,,High income,Not classified,Bridgetown,-59.6105,13.0935
36,BRN,BN,Brunei Darussalam,East Asia & Pacific,,High income,Not classified,Bandar Seri Begawan,114.946,4.9419900000000005
37,BSS,B6,Sub-Saharan Africa (IBRD-only countries),Aggregates,,Aggregates,Aggregates,,nan,nan
38,BTN,BT,Bhutan,South Asia,South Asia,Lower middle income,IDA,Thimphu,89.6177,27.5768
39,BWA,BW,Botswana,Sub-Saharan Africa ,Sub-Saharan Africa (excluding high income),Upper middle income,IBRD,Gaborone,25.9201,-24.6544
40,CAA,C9,Sub-Saharan Africa (IFC classification),Aggregates,,Aggregates,Aggregates,,nan,nan
41,CAF,CF,Central African Republic,Sub-Saharan Africa ,Sub-Saharan Africa (excluding high income),Low income,IDA,Bangui,21.6407,5.63056
42,CAN,CA,Canada,North America,,High income,Not classified,Ottawa,-75.6919,45.4215
43,CEA,C4,East Asia and the Pacific (IFC classification),Aggregates,,Aggregates,Aggregates,,nan,nan
44,CEB,B8,Central Europe and the Baltics,Aggregates,,Aggregates,Aggregates,,nan,nan
45,CEU,C5,Europe and Central Asia (IFC classification),Aggregates,,Aggregates,Aggregates,,nan,nan
46,CHE,CH,Switzerland,Europe & Central Asia,,High income,Not classified,Bern,7.44821,46.948
47,CHI,JG,Channel Islands,Europe & Central Asia,,High income,Not classified,,nan,nan
48,CHL,CL,Chile,Latin America & Caribbean ,,High income,IBRD,Santiago,-70.6475,-33.475
49,CHN,CN,China,East Asia & Pacific,East Asia & Pacific (excluding high income),Upper middle income,IBRD,Beijing,116.286,40.0495
50,CIV,CI,Cote d'Ivoire,Sub-Saharan Africa ,Sub-Saharan Africa (excluding high income),Lower middle income,IDA,Yamoussoukro,-4.0305,5.332000000000001
51,CLA,C6,Latin America and the Caribbean (IFC classification),Aggregates,,Aggregates,Aggregates,,nan,nan
52,CME,C7,Middle East and North Africa (IFC classification),Aggregates,,Aggregates,Aggregates,,nan,nan
53,CMR,CM,Cameroon,Sub-Saharan Africa ,Sub-Saharan Africa (excluding high income),Lower middle income,Blend,Yaounde,11.5174,3.8721
54,COD,CD,"Congo, Dem. Rep.",Sub-Saharan Africa ,Sub-Saharan Africa (excluding high income),Low income,IDA,Kinshasa,15.3222,-4.325
55,COG,CG,"Congo, Rep.",Sub-Saharan Africa ,Sub-Saharan Africa (excluding high income),Lower middle income,Blend,Brazzaville,15.2662,-4.2767
56,COL,CO,Colombia,Latin America & Caribbean ,Latin America & Caribbean (excluding high income),Upper middle income,IBRD,Bogota,-74.082,4.60987
57,COM,KM,Comoros,Sub-Saharan Africa ,Sub-Saharan Africa (excluding high income),Lower middle income,IDA,Moroni,43.2418,-11.6986
58,CPV,CV,Cabo Verde,Sub-Saharan Africa ,Sub-Saharan Africa (excluding high income),Lower middle income,Blend,Praia,-23.5087,14.9218
59,CRI,CR,Costa Rica,Latin America & Caribbean ,Latin America & Caribbean (excluding high income),Upper middle income,IBRD,San Jose,-84.0089,9.63701
60,CSA,C8,South Asia (IFC classification),Aggregates,,Aggregates,Aggregates,,nan,nan
61,CSS,S3,Caribbean small states,Aggregates,,Aggregates,Aggregates,,nan,nan
62,CUB,CU,Cuba,Latin America & Caribbean ,Latin America & Caribbean (excluding high income),Upper middle income,Not classified,Havana,-82.3667,23.1333
63,CUW,CW,Curacao,Latin America & Caribbean ,,High income,Not classified,Willemstad,nan,nan
64,CYM,KY,Cayman Islands,Latin America & Caribbean ,,High income,Not classified,George Town,-81.3857,19.3022
65,CYP,CY,Cyprus,Europe & Central Asia,,High income,Not classified,Nicosia,33.3736,35.1676
66,CZE,CZ,Czech Republic,Europe & Central Asia,,High income,Not classified,Prague,14.4205,50.0878
67,DEA,D4,East Asia & Pacific (IDA-eligible countries),Aggregates,,Aggregates,Aggregates,,nan,nan
68,DEC,D7,Europe & Central Asia (IDA-eligible countries),Aggregates,,Aggregates,Aggregates,,nan,nan
69,DEU,DE,Germany,Europe & Central Asia,,High income,Not classified,Berlin,13.4115,52.5235
70,DFS,D8,IDA countries classified as Fragile Situations,Aggregates,,Aggregates,Aggregates,,nan,nan
71,DJI,DJ,Djibouti,Middle East & North Africa,Middle East & North Africa (excluding high income),Lower middle income,IDA,Djibouti,43.1425,11.5806
72,DLA,D2,Latin America & the Caribbean (IDA-eligible countries),Aggregates,,Aggregates,Aggregates,,nan,nan
73,DMA,DM,Dominica,Latin America & Caribbean ,Latin America & Caribbean (excluding high income),Upper middle income,Blend,Roseau,-61.39,15.2976
74,DMN,D3,Middle East & North Africa (IDA-eligible countries),Aggregates,,Aggregates,Aggregates,,nan,nan
75,DNF,D9,IDA countries not classified as Fragile Situations,Aggregates,,Aggregates,Aggregates,,nan,nan
76,DNK,DK,Denmark,Europe & Central Asia,,High income,Not classified,Copenhagen,12.5681,55.6763
77,DNS,N6,IDA countries in Sub-Saharan Africa not classified as fragile situations ,Aggregates,,Aggregates,Aggregates,,nan,nan
78,DOM,DO,Dominican Republic,Latin America & Caribbean ,Latin America & Caribbean (excluding high income),Upper middle income,IBRD,Santo Domingo,-69.8908,18.479
79,DSA,D5,South Asia (IDA-eligible countries),Aggregates,,Aggregates,Aggregates,,nan,nan
80,DSF,F6,IDA countries in Sub-Saharan Africa classified as fragile situations ,Aggregates,,Aggregates,Aggregates,,nan,nan
81,DSS,D6,Sub-Saharan Africa (IDA-eligible countries),Aggregates,,Aggregates,Aggregates,,nan,nan
82,DXS,6D,"IDA total, excluding Sub-Saharan Africa",Aggregates,,Aggregates,Aggregates,,nan,nan
83,DZA,DZ,Algeria,Middle East & North Africa,Middle East & North Africa (excluding high income),Lower middle income,IBRD,Algiers,3.05097,36.7397
84,EAP,4E,East Asia & Pacific (excluding high income),Aggregates,,Aggregates,Aggregates,,nan,nan
85,EAR,V2,Early-demographic dividend,Aggregates,,Aggregates,Aggregates,,nan,nan
86,EAS,Z4,East Asia & Pacific,Aggregates,,Aggregates,Aggregates,,nan,nan
87,ECA,7E,Europe & Central Asia (excluding high income),Aggregates,,Aggregates,Aggregates,,nan,nan
88,ECS,Z7,Europe & Central Asia,Aggregates,,Aggregates,Aggregates,,nan,nan
89,ECU,EC,Ecuador,Latin America & Caribbean ,Latin America & Caribbean (excluding high income),Upper middle income,IBRD,Quito,-78.5243,-0.229498
90,EGY,EG,"Egypt, Arab Rep.",Middle East & North Africa,Middle East & North Africa (excluding high income),Lower middle income,IBRD,Cairo,31.2461,30.0982
91,EMU,XC,Euro area,Aggregates,,Aggregates,Aggregates,,nan,nan
92,ERI,ER,Eritrea,Sub-Saharan Africa ,Sub-Saharan Africa (excluding high income),Low income,IDA,Asmara,38.9183,15.3315
93,ESP,ES,Spain,Europe & Central Asia,,High income,Not classified,Madrid,-3.70327,40.4167
94,EST,EE,Estonia,Europe & Central Asia,,High income,Not classified,Tallinn,24.7586,59.4392
95,ETH,ET,Ethiopia,Sub-Saharan Africa ,Sub-Saharan Africa (excluding high income),Low income,IDA,Addis Ababa,38.7468,9.022739999999999
96,EUU,EU,European Union,Aggregates,,Aggregates,Aggregates,,nan,nan
97,FCS,F1,Fragile and conflict affected situations,Aggregates,,Aggregates,Aggregates,,nan,nan
98,FIN,FI,Finland,Europe & Central Asia,,High income,Not classified,Helsinki,24.9525,60.1608
99,FJI,FJ,Fiji,East Asia & Pacific,East Asia & Pacific (excluding high income),Upper middle income,Blend,Suva,178.399,-18.1149
100,FRA,FR,France,Europe & Central Asia,,High income,Not classified,Paris,2.3509700000000002,48.8566
101,FRO,FO,Faroe Islands,Europe & Central Asia,,High income,Not classified,Torshavn,-6.911810000000001,61.8926
102,FSM,FM,"Micronesia, Fed. Sts.",East Asia & Pacific,East Asia & Pacific (excluding high income),Lower middle income,IDA,Palikir,158.185,6.9177100000000005
103,FXS,6F,"IDA countries classified as fragile situations, excluding Sub-Saharan Africa",Aggregates,,Aggregates,Aggregates,,nan,nan
104,GAB,GA,Gabon,Sub-Saharan Africa ,Sub-Saharan Africa (excluding high income),Upper middle income,IBRD,Libreville,9.45162,0.38832
105,GBR,GB,United Kingdom,Europe & Central Asia,,High income,Not classified,London,-0.126236,51.5002
106,GEO,GE,Georgia,Europe & Central Asia,Europe & Central Asia (excluding high income),Upper middle income,IBRD,Tbilisi,44.793,41.71
107,GHA,GH,Ghana,Sub-Saharan Africa ,Sub-Saharan Africa (excluding high income),Lower middle income,IDA,Accra,-0.20795,5.57045
108,GIB,GI,Gibraltar,Europe & Central Asia,,High income,Not classified,,nan,nan
109,GIN,GN,Guinea,Sub-Saharan Africa ,Sub-Saharan Africa (excluding high income),Low income,IDA,Conakry,-13.7,9.51667
110,GMB,GM,"Gambia, The",Sub-Saharan Africa ,Sub-Saharan Africa (excluding high income),Low income,IDA,Banjul,-16.5885,13.4495
111,GNB,GW,Guinea-Bissau,Sub-Saharan Africa ,Sub-Saharan Africa (excluding high income),Low income,IDA,Bissau,-15.1804,11.8037
112,GNQ,GQ,Equatorial Guinea,Sub-Saharan Africa ,Sub-Saharan Africa (excluding high income),Upper middle income,IBRD,Malabo,8.7741,3.7523
113,GRC,GR,Greece,Europe & Central Asia,,High income,Not classified,Athens,23.7166,37.9792
114,GRD,GD,Grenada,Latin America & Caribbean ,Latin America & Caribbean (excluding high income),Upper middle income,Blend,Saint George's,-61.7449,12.0653
115,GRL,GL,Greenland,Europe & Central Asia,,High income,Not classified,Nuuk,-51.7214,64.1836
116,GTM,GT,Guatemala,Latin America & Caribbean ,Latin America & Caribbean (excluding high income),Upper middle income,IBRD,Guatemala City,-90.5328,14.6248
117,GUM,GU,Guam,East Asia & Pacific,,High income,Not classified,Agana,144.79399999999998,13.4443
118,GUY,GY,Guyana,Latin America & Caribbean ,Latin America & Caribbean (excluding high income),Upper middle income,IDA,Georgetown,-58.1548,6.80461
119,HIC,XD,High income,Aggregates,,Aggregates,Aggregates,,nan,nan
120,HKG,HK,"Hong Kong SAR, China",East Asia & Pacific,,High income,Not classified,,114.109,22.3964
121,HND,HN,Honduras,Latin America & Caribbean ,Latin America & Caribbean (excluding high income),Lower middle income,IDA,Tegucigalpa,-87.4667,15.1333
122,HPC,XE,Heavily indebted poor countries (HIPC),Aggregates,,Aggregates,Aggregates,,nan,nan
123,HRV,HR,Croatia,Europe & Central Asia,,High income,IBRD,Zagreb,15.9614,45.8069
124,HTI,HT,Haiti,Latin America & Caribbean ,Latin America & Caribbean (excluding high income),Low income,IDA,Port-au-Prince,-72.3288,18.5392
125,HUN,HU,Hungary,Europe & Central Asia,,High income,Not classified,Budapest,19.0408,47.4984
126,IBB,ZB,"IBRD, including blend",Aggregates,,Aggregates,Aggregates,,nan,nan
127,IBD,XF,IBRD only,Aggregates,,Aggregates,Aggregates,,nan,nan
128,IBT,ZT,IDA & IBRD total,Aggregates,,Aggregates,Aggregates,,nan,nan
129,IDA,XG,IDA total,Aggregates,,Aggregates,Aggregates,,nan,nan
130,IDB,XH,IDA blend,Aggregates,,Aggregates,Aggregates,,nan,nan
131,IDN,ID,Indonesia,East Asia & Pacific,East Asia & Pacific (excluding high income),Upper middle income,IBRD,Jakarta,106.83,-6.19752
132,IDX,XI,IDA only,Aggregates,,Aggregates,Aggregates,,nan,nan
133,IMN,IM,Isle of Man,Europe & Central Asia,,High income,Not classified,Douglas,-4.47928,54.1509
134,IND,IN,India,South Asia,South Asia,Lower middle income,IBRD,New Delhi,77.225,28.6353
135,INX,XY,Not classified,Aggregates,,Aggregates,Aggregates,,nan,nan
136,IRL,IE,Ireland,Europe & Central Asia,,High income,Not classified,Dublin,-6.2674900000000004,53.3441
137,IRN,IR,"Iran, Islamic Rep.",Middle East & North Africa,Middle East & North Africa (excluding high income),Upper middle income,IBRD,Tehran,51.4447,35.6878
138,IRQ,IQ,Iraq,Middle East & North Africa,Middle East & North Africa (excluding high income),Upper middle income,IBRD,Baghdad,44.394,33.3302
139,ISL,IS,Iceland,Europe & Central Asia,,High income,Not classified,Reykjavik,-21.8952,64.1353
140,ISR,IL,Israel,Middle East & North Africa,,High income,Not classified,,35.2035,31.7717
141,ITA,IT,Italy,Europe & Central Asia,,High income,Not classified,Rome,12.4823,41.8955
142,JAM,JM,Jamaica,Latin America & Caribbean ,Latin America & Caribbean (excluding high income),Upper middle income,IBRD,Kingston,-76.792,17.9927
143,JOR,JO,Jordan,Middle East & North Africa,Middle East & North Africa (excluding high income),Upper middle income,IBRD,Amman,35.9263,31.9497
144,JPN,JP,Japan,East Asia & Pacific,,High income,Not classified,Tokyo,139.77,35.67
145,KAZ,KZ,Kazakhstan,Europe & Central Asia,Europe & Central Asia (excluding high income),Upper middle income,IBRD,Astana,71.4382,51.1879
146,KEN,KE,Kenya,Sub-Saharan Africa ,Sub-Saharan Africa (excluding high income),Lower middle income,Blend,Nairobi,36.8126,-1.27975
147,KGZ,KG,Kyrgyz Republic,Europe & Central Asia,Europe & Central Asia (excluding high income),Lower middle income,IDA,Bishkek,74.6057,42.8851
148,KHM,KH,Cambodia,East Asia & Pacific,East Asia & Pacific (excluding high income),Lower middle income,IDA,Phnom Penh,104.874,11.5556
149,KIR,KI,Kiribati,East Asia & Pacific,East Asia & Pacific (excluding high income),Lower middle income,IDA,Tarawa,172.979,1.32905
150,KNA,KN,St. Kitts and Nevis,Latin America & Caribbean ,,High income,IBRD,Basseterre,-62.7309,17.3
151,KOR,KR,"Korea, Rep.",East Asia & Pacific,,High income,Not classified,Seoul,126.95700000000001,37.5323
152,KWT,KW,Kuwait,Middle East & North Africa,,High income,Not classified,Kuwait City,47.9824,29.3721
153,LAC,XJ,Latin America & Caribbean (excluding high income),Aggregates,,Aggregates,Aggregates,,nan,nan
154,LAO,LA,Lao PDR,East Asia & Pacific,East Asia & Pacific (excluding high income),Lower middle income,IDA,Vientiane,102.177,18.5826
155,LBN,LB,Lebanon,Middle East & North Africa,Middle East & North Africa (excluding high income),Upper middle income,IBRD,Beirut,35.5134,33.8872
156,LBR,LR,Liberia,Sub-Saharan Africa ,Sub-Saharan Africa (excluding high income),Low income,IDA,Monrovia,-10.7957,6.30039
157,LBY,LY,Libya,Middle East & North Africa,Middle East & North Africa (excluding high income),Upper middle income,IBRD,Tripoli,13.1072,32.8578
158,LCA,LC,St. Lucia,Latin America & Caribbean ,Latin America & Caribbean (excluding high income),Upper middle income,Blend,Castries,-60.9832,14.0
159,LCN,ZJ,Latin America & Caribbean ,Aggregates,,Aggregates,Aggregates,,nan,nan
160,LCR,L4,Latin America and the Caribbean,Aggregates,,Aggregates,Aggregates,,nan,nan
161,LDC,XL,Least developed countries: UN classification,Aggregates,,Aggregates,Aggregates,,nan,nan
162,LIC,XM,Low income,Aggregates,,Aggregates,Aggregates,,nan,nan
163,LIE,LI,Liechtenstein,Europe & Central Asia,,High income,Not classified,Vaduz,9.52148,47.1411
164,LKA,LK,Sri Lanka,South Asia,South Asia,Lower middle income,IBRD,Colombo,79.8528,6.92148
165,LMC,XN,Lower middle income,Aggregates,,Aggregates,Aggregates,,nan,nan
166,LMY,XO,Low & middle income,Aggregates,,Aggregates,Aggregates,,nan,nan
167,LSO,LS,Lesotho,Sub-Saharan Africa ,Sub-Saharan Africa (excluding high income),Lower middle income,IDA,Maseru,27.7167,-29.5208
168,LTE,V3,Late-demographic dividend,Aggregates,,Aggregates,Aggregates,,nan,nan
169,LTU,LT,Lithuania,Europe & Central Asia,,High income,Not classified,Vilnius,25.2799,54.6896
170,LUX,LU,Luxembourg,Europe & Central Asia,,High income,Not classified,Luxembourg,6.1296,49.61
171,LVA,LV,Latvia,Europe & Central Asia,,High income,Not classified,Riga,24.1048,56.9465
172,MAC,MO,"Macao SAR, China",East Asia & Pacific,,High income,Not classified,,113.55,22.1667
173,MAF,MF,St. Martin (French part),Latin America & Caribbean ,,High income,Not classified,Marigot,nan,nan
174,MAR,MA,Morocco,Middle East & North Africa,Middle East & North Africa (excluding high income),Lower middle income,IBRD,Rabat,-6.8704,33.9905
175,MCA,L6,Central America,Aggregates,,Aggregates,Aggregates,,nan,nan
176,MCO,MC,Monaco,Europe & Central Asia,,High income,Not classified,Monaco,7.41891,43.7325
177,MDA,MD,Moldova,Europe & Central Asia,Europe & Central Asia (excluding high income),Lower middle income,IBRD,Chisinau,28.8497,47.0167
178,MDE,M1,Middle East (developing only),Aggregates,,Aggregates,Aggregates,,nan,nan
179,MDG,MG,Madagascar,Sub-Saharan Africa ,Sub-Saharan Africa (excluding high income),Low income,IDA,Antananarivo,45.7167,-20.4667
180,MDV,MV,Maldives,South Asia,South Asia,Upper middle income,IDA,Male,73.5109,4.1742
181,MEA,ZQ,Middle East & North Africa,Aggregates,,Aggregates,Aggregates,,nan,nan
182,MEX,MX,Mexico,Latin America & Caribbean ,Latin America & Caribbean (excluding high income),Upper middle income,IBRD,Mexico City,-99.1276,19.427
183,MHL,MH,Marshall Islands,East Asia & Pacific,East Asia & Pacific (excluding high income),Upper middle income,IDA,Majuro,171.135,7.110460000000001
184,MIC,XP,Middle income,Aggregates,,Aggregates,Aggregates,,nan,nan
185,MKD,MK,North Macedonia,Europe & Central Asia,Europe & Central Asia (excluding high income),Upper middle income,IBRD,Skopje,21.4361,42.0024
186,MLI,ML,Mali,Sub-Saharan Africa ,Sub-Saharan Africa (excluding high income),Low income,IDA,Bamako,-7.50034,13.5667
187,MLT,MT,Malta,Middle East & North Africa,,High income,Not classified,Valletta,14.5189,35.9042
188,MMR,MM,Myanmar,East Asia & Pacific,East Asia & Pacific (excluding high income),Lower middle income,IDA,Naypyidaw,95.9562,21.914
189,MNA,XQ,Middle East & North Africa (excluding high income),Aggregates,,Aggregates,Aggregates,,nan,nan
190,MNE,ME,Montenegro,Europe & Central Asia,Europe & Central Asia (excluding high income),Upper middle income,IBRD,Podgorica,19.2595,42.4602
191,MNG,MN,Mongolia,East Asia & Pacific,East Asia & Pacific (excluding high income),Lower middle income,IBRD,Ulaanbaatar,106.93700000000001,47.9129
192,MNP,MP,Northern Mariana Islands,East Asia & Pacific,,High income,Not classified,Saipan,145.765,15.1935
193,MOZ,MZ,Mozambique,Sub-Saharan Africa ,Sub-Saharan Africa (excluding high income),Low income,IDA,Maputo,32.5713,-25.9664
194,MRT,MR,Mauritania,Sub-Saharan Africa ,Sub-Saharan Africa (excluding high income),Lower middle income,IDA,Nouakchott,-15.9824,18.2367
195,MUS,MU,Mauritius,Sub-Saharan Africa ,,High income,IBRD,Port Louis,57.4977,-20.1605
196,MWI,MW,Malawi,Sub-Saharan Africa ,Sub-Saharan Africa (excluding high income),Low income,IDA,Lilongwe,33.7703,-13.9899
197,MYS,MY,Malaysia,East Asia & Pacific,East Asia & Pacific (excluding high income),Upper middle income,IBRD,Kuala Lumpur,101.684,3.12433
198,NAC,XU,North America,Aggregates,,Aggregates,Aggregates,,nan,nan
199,NAF,M2,North Africa,Aggregates,,Aggregates,Aggregates,,nan,nan
200,NAM,NA,Namibia,Sub-Saharan Africa ,Sub-Saharan Africa (excluding high income),Upper middle income,IBRD,Windhoek,17.0931,-22.5648
201,NCL,NC,New Caledonia,East Asia & Pacific,,High income,Not classified,Noum'ea,166.46400000000003,-22.2677
202,NER,NE,Niger,Sub-Saharan Africa ,Sub-Saharan Africa (excluding high income),Low income,IDA,Niamey,2.1073,13.514000000000001
203,NGA,NG,Nigeria,Sub-Saharan Africa ,Sub-Saharan Africa (excluding high income),Lower middle income,Blend,Abuja,7.48906,9.05804
204,NIC,NI,Nicaragua,Latin America & Caribbean ,Latin America & Caribbean (excluding high income),Lower middle income,IDA,Managua,-86.2734,12.1475
205,NLD,NL,Netherlands,Europe & Central Asia,,High income,Not classified,Amsterdam,4.89095,52.3738
206,NLS,6L,"Non-resource rich Sub-Saharan Africa countries, of which landlocked",Aggregates,,Aggregates,Aggregates,,nan,nan
207,NOR,NO,Norway,Europe & Central Asia,,High income,Not classified,Oslo,10.7387,59.9138
208,NPL,NP,Nepal,South Asia,South Asia,Lower middle income,IDA,Kathmandu,85.3157,27.6939
209,NRS,6X,Non-resource rich Sub-Saharan Africa countries,Aggregates,,Aggregates,Aggregates,,nan,nan
210,NRU,NR,Nauru,East Asia & Pacific,,High income,IBRD,Yaren District,166.920867,-0.5477
211,NXS,6N,"IDA countries not classified as fragile situations, excluding Sub-Saharan Africa",Aggregates,,Aggregates,Aggregates,,nan,nan
212,NZL,NZ,New Zealand,East Asia & Pacific,,High income,Not classified,Wellington,174.77599999999998,-41.2865
213,OED,OE,OECD members,Aggregates,,Aggregates,Aggregates,,nan,nan
214,OMN,OM,Oman,Middle East & North Africa,,High income,Not classified,Muscat,58.5874,23.6105
215,OSS,S4,Other small states,Aggregates,,Aggregates,Aggregates,,nan,nan
216,PAK,PK,Pakistan,South Asia,South Asia,Lower middle income,Blend,Islamabad,72.8,30.5167
217,PAN,PA,Panama,Latin America & Caribbean ,,High income,IBRD,Panama City,-79.5188,8.99427
218,PER,PE,Peru,Latin America & Caribbean ,Latin America & Caribbean (excluding high income),Upper middle income,IBRD,Lima,-77.0465,-12.0931
219,PHL,PH,Philippines,East Asia & Pacific,East Asia & Pacific (excluding high income),Lower middle income,IBRD,Manila,121.035,14.5515
220,PLW,PW,Palau,East Asia & Pacific,,High income,IBRD,Koror,134.47899999999998,7.341939999999999
221,PNG,PG,Papua New Guinea,East Asia & Pacific,East Asia & Pacific (excluding high income),Lower middle income,Blend,Port Moresby,147.194,-9.47357
222,POL,PL,Poland,Europe & Central Asia,,High income,IBRD,Warsaw,21.02,52.26
223,PRE,V1,Pre-demographic dividend,Aggregates,,Aggregates,Aggregates,,nan,nan
224,PRI,PR,Puerto Rico,Latin America & Caribbean ,,High income,Not classified,San Juan,-66.0,18.23
225,PRK,KP,"Korea, Dem. People’s Rep.",East Asia & Pacific,East Asia & Pacific (excluding high income),Low income,Not classified,Pyongyang,125.75399999999999,39.0319
226,PRT,PT,Portugal,Europe & Central Asia,,High income,Not classified,Lisbon,-9.13552,38.7072
227,PRY,PY,Paraguay,Latin America & Caribbean ,Latin America & Caribbean (excluding high income),Upper middle income,IBRD,Asuncion,-57.6362,-25.3005
228,PSE,PS,West Bank and Gaza,Middle East & North Africa,Middle East & North Africa (excluding high income),Lower middle income,Not classified,,nan,nan
229,PSS,S2,Pacific island small states,Aggregates,,Aggregates,Aggregates,,nan,nan
230,PST,V4,Post-demographic dividend,Aggregates,,Aggregates,Aggregates,,nan,nan
231,PYF,PF,French Polynesia,East Asia & Pacific,,High income,Not classified,Papeete,-149.57,-17.535
232,QAT,QA,Qatar,Middle East & North Africa,,High income,Not classified,Doha,51.5082,25.2948
233,ROU,RO,Romania,Europe & Central Asia,,High income,IBRD,Bucharest,26.0979,44.4479
234,RRS,R6,Resource rich Sub-Saharan Africa countries,Aggregates,,Aggregates,Aggregates,,nan,nan
235,RSO,O6,"Resource rich Sub-Saharan Africa countries, of which oil exporters",Aggregates,,Aggregates,Aggregates,,nan,nan
236,RUS,RU,Russian Federation,Europe & Central Asia,Europe & Central Asia (excluding high income),Upper middle income,IBRD,Moscow,37.6176,55.7558
237,RWA,RW,Rwanda,Sub-Saharan Africa ,Sub-Saharan Africa (excluding high income),Low income,IDA,Kigali,30.0587,-1.95325
238,SAS,8S,South Asia,Aggregates,,Aggregates,Aggregates,,nan,nan
239,SAU,SA,Saudi Arabia,Middle East & North Africa,,High income,Not classified,Riyadh,46.6977,24.6748
240,SCE,L7,Southern Cone,Aggregates,,Aggregates,Aggregates,,nan,nan
241,SDN,SD,Sudan,Sub-Saharan Africa ,Sub-Saharan Africa (excluding high income),Low income,IDA,Khartoum,32.5363,15.5932
242,SEN,SN,Senegal,Sub-Saharan Africa ,Sub-Saharan Africa (excluding high income),Lower middle income,IDA,Dakar,-17.4734,14.7247
243,SGP,SG,Singapore,East Asia & Pacific,,High income,Not classified,Singapore,103.85,1.28941
244,SLB,SB,Solomon Islands,East Asia & Pacific,East Asia & Pacific (excluding high income),Lower middle income,IDA,Honiara,159.94899999999998,-9.42676
245,SLE,SL,Sierra Leone,Sub-Saharan Africa ,Sub-Saharan Africa (excluding high income),Low income,IDA,Freetown,-13.2134,8.4821
246,SLV,SV,El Salvador,Latin America & Caribbean ,Latin America & Caribbean (excluding high income),Lower middle income,IBRD,San Salvador,-89.2073,13.7034
247,SMR,SM,San Marino,Europe & Central Asia,,High income,Not classified,San Marino,12.4486,43.9322
248,SOM,SO,Somalia,Sub-Saharan Africa ,Sub-Saharan Africa (excluding high income),Low income,IDA,Mogadishu,45.3254,2.07515
249,SRB,RS,Serbia,Europe & Central Asia,Europe & Central Asia (excluding high income),Upper middle income,IBRD,Belgrade,20.4656,44.8024
250,SSA,ZF,Sub-Saharan Africa (excluding high income),Aggregates,,Aggregates,Aggregates,,nan,nan
251,SSD,SS,South Sudan,Sub-Saharan Africa ,Sub-Saharan Africa (excluding high income),Low income,IDA,Juba,31.6,4.85
252,SSF,ZG,Sub-Saharan Africa ,Aggregates,,Aggregates,Aggregates,,nan,nan
253,SST,S1,Small states,Aggregates,,Aggregates,Aggregates,,nan,nan
254,STP,ST,Sao Tome and Principe,Sub-Saharan Africa ,Sub-Saharan Africa (excluding high income),Lower middle income,IDA,Sao Tome,6.6071,0.20618000000000003
255,SUR,SR,Suriname,Latin America & Caribbean ,Latin America & Caribbean (excluding high income),Upper middle income,IBRD,Paramaribo,-55.1679,5.8232
256,SVK,SK,Slovak Republic,Europe & Central Asia,,High income,Not classified,Bratislava,17.1073,48.1484
257,SVN,SI,Slovenia,Europe & Central Asia,,High income,Not classified,Ljubljana,14.5044,46.0546
258,SWE,SE,Sweden,Europe & Central Asia,,High income,Not classified,Stockholm,18.0645,59.3327
259,SWZ,SZ,Eswatini,Sub-Saharan Africa ,Sub-Saharan Africa (excluding high income),Lower middle income,IBRD,Mbabane,31.4659,-26.5225
260,SXM,SX,Sint Maarten (Dutch part),Latin America & Caribbean ,,High income,Not classified,Philipsburg,nan,nan
261,SXZ,A4,Sub-Saharan Africa excluding South Africa,Aggregates,,Aggregates,Aggregates,,nan,nan
262,SYC,SC,Seychelles,Sub-Saharan Africa ,,High income,IBRD,Victoria,55.4466,-4.6309
263,SYR,SY,Syrian Arab Republic,Middle East & North Africa,Middle East & North Africa (excluding high income),Low income,IDA,Damascus,36.3119,33.5146
264,TCA,TC,Turks and Caicos Islands,Latin America & Caribbean ,,High income,Not classified,Grand Turk,-71.141389,21.460277800000004
265,TCD,TD,Chad,Sub-Saharan Africa ,Sub-Saharan Africa (excluding high income),Low income,IDA,N'Djamena,15.0445,12.1048
266,TEA,T4,East Asia & Pacific (IDA & IBRD countries),Aggregates,,Aggregates,Aggregates,,nan,nan
267,TEC,T7,Europe & Central Asia (IDA & IBRD countries),Aggregates,,Aggregates,Aggregates,,nan,nan
268,TGO,TG,Togo,Sub-Saharan Africa ,Sub-Saharan Africa (excluding high income),Low income,IDA,Lome,1.2255,6.1228
269,THA,TH,Thailand,East Asia & Pacific,East Asia & Pacific (excluding high income),Upper middle income,IBRD,Bangkok,100.521,13.7308
270,TJK,TJ,Tajikistan,Europe & Central Asia,Europe & Central Asia (excluding high income),Low income,IDA,Dushanbe,68.7864,38.5878
271,TKM,TM,Turkmenistan,Europe & Central Asia,Europe & Central Asia (excluding high income),Upper middle income,IBRD,Ashgabat,58.3794,37.9509
272,TLA,T2,Latin America & the Caribbean (IDA & IBRD countries),Aggregates,,Aggregates,Aggregates,,nan,nan
273,TLS,TL,Timor-Leste,East Asia & Pacific,East Asia & Pacific (excluding high income),Lower middle income,Blend,Dili,125.56700000000001,-8.56667
274,TMN,T3,Middle East & North Africa (IDA & IBRD countries),Aggregates,,Aggregates,Aggregates,,nan,nan
275,TON,TO,Tonga,East Asia & Pacific,East Asia & Pacific (excluding high income),Upper middle income,IDA,Nuku'alofa,-175.21599999999998,-21.136
276,TSA,T5,South Asia (IDA & IBRD),Aggregates,,Aggregates,Aggregates,,nan,nan
277,TSS,T6,Sub-Saharan Africa (IDA & IBRD countries),Aggregates,,Aggregates,Aggregates,,nan,nan
278,TTO,TT,Trinidad and Tobago,Latin America & Caribbean ,,High income,IBRD,Port-of-Spain,-61.4789,10.6596
279,TUN,TN,Tunisia,Middle East & North Africa,Middle East & North Africa (excluding high income),Lower middle income,IBRD,Tunis,10.21,36.7899
280,TUR,TR,Turkey,Europe & Central Asia,Europe & Central Asia (excluding high income),Upper middle income,IBRD,Ankara,32.3606,39.7153
281,TUV,TV,Tuvalu,East Asia & Pacific,East Asia & Pacific (excluding high income),Upper middle income,IDA,Funafuti,179.089567,-8.6314877
282,TWN,TW,"Taiwan, China",East Asia & Pacific,,High income,Not classified,,nan,nan
283,TZA,TZ,Tanzania,Sub-Saharan Africa ,Sub-Saharan Africa (excluding high income),Lower middle income,IDA,Dodoma,35.7382,-6.17486
284,UGA,UG,Uganda,Sub-Saharan Africa ,Sub-Saharan Africa (excluding high income),Low income,IDA,Kampala,32.5729,0.314269
285,UKR,UA,Ukraine,Europe & Central Asia,Europe & Central Asia (excluding high income),Lower middle income,IBRD,Kiev,30.5038,50.4536
286,UMC,XT,Upper middle income,Aggregates,,Aggregates,Aggregates,,nan,nan
287,URY,UY,Uruguay,Latin America & Caribbean ,,High income,IBRD,Montevideo,-56.0675,-34.8941
288,USA,US,United States,North America,,High income,Not classified,Washington D.C.,-77.032,38.8895
289,UZB,UZ,Uzbekistan,Europe & Central Asia,Europe & Central Asia (excluding high income),Lower middle income,Blend,Tashkent,69.26899999999999,41.3052
290,VCT,VC,St. Vincent and the Grenadines,Latin America & Caribbean ,Latin America & Caribbean (excluding high income),Upper middle income,Blend,Kingstown,-61.2653,13.2035
291,VEN,VE,"Venezuela, RB",Latin America & Caribbean ,Latin America & Caribbean (excluding high income),Upper middle income,IBRD,Caracas,-69.8371,9.08165
292,VGB,VG,British Virgin Islands,Latin America & Caribbean ,,High income,Not classified,Road Town,-64.623056,18.431389000000003
293,VIR,VI,Virgin Islands (U.S.),Latin America & Caribbean ,,High income,Not classified,Charlotte Amalie,-64.8963,18.3358
294,VNM,VN,Vietnam,East Asia & Pacific,East Asia & Pacific (excluding high income),Lower middle income,IBRD,Hanoi,105.825,21.0069
295,VUT,VU,Vanuatu,East Asia & Pacific,East Asia & Pacific (excluding high income),Lower middle income,IDA,Port-Vila,168.321,-17.7404
296,WLD,1W,World,Aggregates,,Aggregates,Aggregates,,nan,nan
297,WSM,WS,Samoa,East Asia & Pacific,East Asia & Pacific (excluding high income),Upper middle income,IDA,Apia,-171.752,-13.8314
298,XKX,XK,Kosovo,Europe & Central Asia,Europe & Central Asia (excluding high income),Upper middle income,IDA,Pristina,20.926,42.565
299,XZN,A5,Sub-Saharan Africa excluding South Africa and Nigeria,Aggregates,,Aggregates,Aggregates,,nan,nan
300,YEM,YE,"Yemen, Rep.",Middle East & North Africa,Middle East & North Africa (excluding high income),Low income,IDA,Sana'a,44.2075,15.352
301,ZAF,ZA,South Africa,Sub-Saharan Africa ,Sub-Saharan Africa (excluding high income),Upper middle income,IBRD,Pretoria,28.1871,-25.746
302,ZMB,ZM,Zambia,Sub-Saharan Africa ,Sub-Saharan Africa (excluding high income),Lower middle income,IDA,Lusaka,28.2937,-15.3982
303,ZWE,ZW,Zimbabwe,Sub-Saharan Africa ,Sub-Saharan Africa (excluding high income),Lower middle income,Blend,Harare,31.0672,-17.8312
